<PAMDataset>
  <Metadata>
    <MDI key="DataType">Generic</MDI>
  </Metadata>
  <Metadata domain="Esri">
    <MDI key="PyramidResamplingType">NEAREST</MDI>
  </Metadata>
  <PAMRasterBand band="1">
    <Histograms>
      <HistItem>
        <HistMin>3.735837195151248e-010</HistMin>
        <HistMax>2.06431479909952e-007</HistMax>
        <BucketCount>256</BucketCount>
        <IncludeOutOfRange>1</IncludeOutOfRange>
        <Approximate>0</Approximate>
        <HistCounts>95|86|84|84|76|75|75|69|77|70|78|72|75|78|78|76|79|80|70|76|75|75|75|69|79|84|88|83|74|58|47|57|42|43|48|52|48|56|54|58|56|51|57|58|58|51|67|50|55|65|84|77|66|61|59|56|65|39|70|51|47|54|51|58|40|48|45|50|44|49|56|30|20|23|24|19|22|29|23|21|20|20|20|22|19|26|19|15|28|20|20|26|18|25|24|15|23|17|21|30|20|21|26|20|19|18|20|20|18|32|24|23|23|18|19|18|21|20|29|28|16|25|17|20|19|20|22|21|27|20|20|19|23|19|17|26|25|20|21|21|23|20|27|20|17|29|15|18|22|19|24|21|23|32|22|28|22|19|24|25|26|23|17|22|42|31|28|18|19|22|15|24|22|15|19|17|16|17|20|14|20|12|20|8|15|14|10|14|10|17|8|13|14|13|16|11|5|12|10|11|11|7|13|8|10|10|11|16|7|5|12|4|11|9|8|10|11|5|10|12|10|8|10|7|11|2|12|9|10|12|15|5|8|8|6|10|8|14|6|10|9|5|8|9|8|7|12|4|8|8|7|10|6|8|7|1</HistCounts>
      </HistItem>
    </Histograms>
    <Metadata>
      <MDI key="RepresentationType">ATHEMATIC</MDI>
      <MDI key="STATISTICS_COVARIANCES">2.813953423558531e-015</MDI>
      <MDI key="STATISTICS_MAXIMUM">2.0643147990995e-007</MDI>
      <MDI key="STATISTICS_MEAN">6.3877434392466e-008</MDI>
      <MDI key="STATISTICS_MINIMUM">3.7358371951512e-010</MDI>
      <MDI key="STATISTICS_SKIPFACTORX">1</MDI>
      <MDI key="STATISTICS_SKIPFACTORY">1</MDI>
      <MDI key="STATISTICS_STDDEV">5.3046709827835e-008</MDI>
    </Metadata>
  </PAMRasterBand>
</PAMDataset>
