<?xml version="1.0" encoding="UTF-8"?>
<metadata>
	<idinfo>
		<citation>
			<citeinfo>
				<origin>Spatial Information Design Lab, Columbia University</origin>
				<pubdate>Unknown</pubdate>
				<title Sync="TRUE">clean01</title>
				<geoform Sync="TRUE">vector digital data</geoform>
				<onlink>\\P390DTEST\E$\nairobi\shape\MERGE_ALL_LANDUSE_10_8.shp</onlink>
				<ftname Sync="TRUE">clean01</ftname><pubtime>Unknown</pubtime></citeinfo>
		</citation>
		<descript>
			<purpose>This Landuse dataset was created to provide a base landuse file for the City of Nairobi. The scale at which it is digiitzed makes it more accurate for boarder analysis. It does not represent a parcel by parcel information tag for everything in the city. </purpose>
			<langdata Sync="TRUE">en</langdata><abstract>The Lanuse file was created by manually digitizing a map which was prepared jointly by the Japan International Cooperation Agency (JICA) and the Government of the Republic of Kenya under the Japanese Government Technical Cooperation Program. The Landuse file was developed for use in a transportation model. Not all Landuses could be identified from the Landuse map - so there are many places where the landuses is marked as unknow. However this map represents a rough estimate of the landuse in Nairobi and will prove useful for the transportation model. </abstract></descript>
		<timeperd>
			<timeinfo>
				<sngdate>
					<caldate>2003</caldate>
				</sngdate>
			</timeinfo>
			<current>ground condition</current>
		</timeperd>
		<status>
			<progress>Complete</progress>
			<update>As needed</update>
		</status>
		<spdom>
			<bounding>
				<westbc Sync="TRUE">-6.000000</westbc>
				<eastbc Sync="TRUE">84.000000</eastbc>
				<northbc Sync="TRUE">90.000000</northbc>
				<southbc Sync="TRUE">-90.000000</southbc>
			</bounding>
			<lboundng><leftbc Sync="TRUE">239998.800000</leftbc><rightbc Sync="TRUE">289288.300000</rightbc><bottombc Sync="TRUE">9846534.400000</bottombc><topbc Sync="TRUE">9872125.100000</topbc></lboundng></spdom>
		<keywords>
			<theme>
				<themekt>LC</themekt>
				<themekey>land use</themekey>
				<themekey>Density</themekey></theme>
			<place><placekey>Nairobi, Kenya</placekey><placekey>Kenya</placekey></place></keywords>
		<accconst>None.</accconst>
		<useconst>None.</useconst>
		<ptcontac>
			<cntinfo>
				<cntperp>
					<cntper>Sarah Williams</cntper>
					<cntorg>Spatial Information Design Lab, Columbia University </cntorg>
				</cntperp>
				<cntpos>Director</cntpos>
				<cntaddr>
					<addrtype>mailing address</addrtype>
					<address>Spatial Information Design Lab</address>
					<address>Graduate School of Architecture Planning and Preservation/ Columbia University</address>
					<address>1172 Amsterdam Avenue</address>
					<address>400 Avery Hall</address>
					<city>New York</city>
					<state>New York</state>
					<postal>10027</postal>
					<country>U.S.A.</country>
				</cntaddr>
				<cntvoice>212-854-8563</cntvoice>
				<cntemail>sew@alum.mit.edu</cntemail>
			</cntinfo>
		</ptcontac>
		<native Sync="TRUE">Microsoft Windows XP Version 5.1 (Build 2600) Service Pack 3; ESRI ArcCatalog 9.2.0.1324</native>
		<natvform Sync="TRUE">Shapefile</natvform></idinfo>
	<dataqual>
		<lineage>
			<procstep>
				<procdesc>Dataset copied.</procdesc>
			</procstep>
			<procstep>
				<procdesc>Dataset copied.</procdesc>
				<srcused></srcused>
			</procstep>
			<procstep>
				<procdesc>Dataset copied.</procdesc>
				<srcused></srcused>
			</procstep>
			<procstep>
				<procdesc>Dataset copied.</procdesc>
				<srcused></srcused>
			</procstep>
			<procstep>
				<procdesc>Dataset copied.</procdesc>
				<srcused></srcused>
			</procstep>
			<procstep>
				<procdesc>Dataset copied.</procdesc>
				<srcused></srcused>
			</procstep>
			<procstep>
				<procdesc>Dataset copied.</procdesc>
				<srcused></srcused>
			</procstep>
			<procstep>
				<procdesc>Metadata imported.</procdesc>
				<srcused>C:\DOCUME~1\sidluser\LOCALS~1\Temp\xmlC.tmp</srcused>
			</procstep>
			<procstep><procdesc Sync="TRUE">Metadata imported.</procdesc><srcused Sync="TRUE">C:\DOCUME~1\SIDLUS~1\LOCALS~1\Temp\xml59.tmp</srcused><date Sync="TRUE">20081010</date><time Sync="TRUE">18052400</time></procstep><procstep><procdesc Sync="TRUE">Metadata imported.</procdesc><srcused Sync="TRUE">E:\nairobi\final_submission\landuse\MERGE_ALL_LANDUSE_10_10.shp.xml</srcused><date Sync="TRUE">20081012</date><time Sync="TRUE">23152800</time></procstep><procstep><procdesc Sync="TRUE">Dataset copied.</procdesc><srcused Sync="TRUE"></srcused><date Sync="TRUE">20081012</date><time Sync="TRUE">23462900</time></procstep></lineage>
	</dataqual>
	<spdoinfo>
		<direct Sync="TRUE">Vector</direct>
		<ptvctinf><esriterm Name="LANDUSE_FINAL10_12"><efeatyp Sync="TRUE">Simple</efeatyp><efeageom code="4" Sync="TRUE"></efeageom><esritopo Sync="TRUE">FALSE</esritopo><efeacnt Sync="TRUE">29143</efeacnt><spindex Sync="TRUE">TRUE</spindex><linrefer Sync="TRUE">FALSE</linrefer></esriterm></ptvctinf></spdoinfo>
	<spref>
		<horizsys>
			<planar>
				<planci>
					<plance Sync="TRUE">coordinate pair</plance>
					<coordrep>
						<absres Sync="TRUE">0.000000</absres>
						<ordres Sync="TRUE">0.000000</ordres>
					</coordrep>
					<plandu Sync="TRUE">meters</plandu>
				</planci>
			</planar>
			<geodetic>
				<horizdn Sync="TRUE">D_Arc_1960</horizdn>
				<ellips Sync="TRUE">Clarke_1880_RGS</ellips>
				<semiaxis Sync="TRUE">6378249.145000</semiaxis>
				<denflat Sync="TRUE">293.465000</denflat>
			</geodetic>
			<cordsysn><geogcsn Sync="TRUE">GCS_Clarke_1880_Arc</geogcsn><projcsn Sync="TRUE">Nairobi_Maps</projcsn></cordsysn></horizsys>
	</spref>
	<eainfo>
		<detailed Name="LANDUSE_FINAL10_12">
			<enttyp>
				<enttypl Sync="TRUE">LANDUSE_FINAL10_12</enttypl>
				<enttypt Sync="TRUE">Feature Class</enttypt><enttypc Sync="TRUE">29143</enttypc></enttyp>
			<attr>
				<attrlabl>FID</attrlabl>
				<attrdef>Internal feature number.</attrdef>
				<attrdefs>ESRI</attrdefs>
				<attrdomv>
					<udom>Sequential unique whole numbers that are automatically generated.</udom>
				</attrdomv>
				<attalias Sync="TRUE">FID</attalias><attrtype Sync="TRUE">OID</attrtype><attwidth Sync="TRUE">4</attwidth><atprecis Sync="TRUE">0</atprecis><attscale Sync="TRUE">0</attscale></attr>
			<attr>
				<attrlabl>Shape</attrlabl>
				<attrdef>Feature geometry.</attrdef>
				<attrdefs>ESRI</attrdefs>
				<attrdomv>
					<udom>Coordinates defining the features.</udom>
				</attrdomv>
				<attalias Sync="TRUE">Shape</attalias><attrtype Sync="TRUE">Geometry</attrtype><attwidth Sync="TRUE">0</attwidth><atprecis Sync="TRUE">0</atprecis><attscale Sync="TRUE">0</attscale></attr>
			<attr><attrlabl Sync="TRUE">OBJECTID</attrlabl><attalias Sync="TRUE">OBJECTID</attalias><attrtype Sync="TRUE">Integer</attrtype><attwidth Sync="TRUE">9</attwidth><atprecis Sync="TRUE">9</atprecis><attscale Sync="TRUE">0</attscale></attr><attr>
				<attrlabl>ID</attrlabl>
				<attrtype Sync="TRUE">Integer</attrtype><attwidth Sync="TRUE">9</attwidth><attalias Sync="TRUE">ID</attalias><atprecis Sync="TRUE">9</atprecis><attscale Sync="TRUE">0</attscale></attr>
			<attr>
				<attrlabl>LANDUSE</attrlabl>
				<attrdef>Landuse Category</attrdef>
				<attrdefs>SIDL</attrdefs>
				<attrtype Sync="TRUE">String</attrtype><attwidth Sync="TRUE">50</attwidth><attrdomv><edom><edomv>Commercial </edomv><edomvd>Polygons were categorized as commercial only if they were labeled with a name or category that suggested retail, sales, services, business, or company.  Note that towers, plazas, or other office buildings were not categorized as commercial, but rather as mixed CI (commercial-institutional).  Commercial uses include (but are not limited to) the following: </edomvd></edom><edom><edomv>Industrial</edomv><edomvd>Polygons were categorized as industrial if they contained features such as factories, warehouses, quarries, or the production of raw materials. Industrial uses include (but are not limited to) the following: brewery, construction, crematorium, dairy farm, dump, factory, feed farm, greenhouse, industrial bakery, mills, mortuary, oil depot, oil tank, oil refinery, pig farm, plant nursery, quarry, ranch, slaughterhouse, tannery, timber yard, warehouse.</edomvd></edom><edom><edomv>Institutional </edomv><edomvd>Polygons were categorized as institutional if they contained structures that could be considered institutional in nature. Other land uses that are within institution's lots were considered part of the institution (i.e. a car park within university grounds is considered part of the university and therefore classified as institutional). Institutional uses include (but are not limited to) the following: animal hospital, church, clinic, college, community centre, consulate, diplomatic residence, dispensary, embassy, fire station, garrison, government offices, health centre, hospital, institute, kindergarten, library, mausoleum, monument, mosque, museum, NGO, nursery, nursing home, orphanage, paramilitary training school, police booth, police depot, police post, police station, post office, prison, public hall, school, sewage pond, sewage treatment plant, shrine, synagogue, temple, training centre, university, utilities, youth centre. </edomvd></edom><edom><edomv>Mixed CI (mixed commercial-institutional)</edomv><edomvd>Polygons were categorized as mixed CI if they were permanent buildings that were larger than those in residential sections, did not have front and back yards, were relatively densely clustered, did not resemble residential estates or slum, and did not have any labels suggesting industrial uses. Additionally, structures that were labeled "[x] House" and appeared to be multi-story office buildings were categorized as mixed CI. Mixed CI uses include (but are not limited to) the following: arcade, high rise building, office building, plaza. </edomvd></edom><edom><edomv>Mixed RC (mixed residential-commercial)</edomv><edomvd>Polygons were categorized as mixed RC if they contained a mix of residential and commercial uses (see residential and commercial).</edomvd></edom><edom><edomv>No_structures</edomv><edomvd>Polygons were categorized as no structures if they contained no permanent buildings and were shaded white on the original map signifying they were in some way developed. It should be noted that the distinction between 'no structures" and "open space" was largely subjective. Polygons were labeled "no structures" if the base map and/or GoogleEarth indicated the presence of a vacant lot in the middle of developed land; polygons were labeled "open space" the base map and/or GoogleEarth indicated that land was more removed from human activity or development. </edomvd></edom><edom><edomv>Recreational</edomv><edomvd>Polygons were categorized as recreational if they contained labels that clearly indicated recreational uses. Recreational uses include (but are not limited to) the following: arena, campgrounds, country club, golf course, horse complex, playing field, pool, racing track, sports club, sports complex, stadium, tennis courts, volleyball court, water park. </edomvd></edom><edom><edomv>Residential</edomv><edomvd>Polygons were categorized as residential if it contained mostly permanent buildings, the boundaries of property were clearly marked as an estate or housing complex or each parcel appeared to have what looked like a front yard and back yard. Additionally, GoogleEarth indicated that residential areas contain more trees and green space than mixed CI or industrial areas. Residential uses include (but are not limited to) the following: apartments, estates, flats, staff quarters, student housing, and villas. </edomvd></edom><edom><edomv>Res_slum (Residential Slum)</edomv><edomvd>Polygons were categorized as res_slum if they contained small, mostly temporary buildings that are randomly distributed in high density clusters. It should be noted that the distinction between res_slum and residential areas was highly subjective. Generally speaking, polygons were labeled res_slum when both GoogleEarth and the base map indicated that the area possessed all of the above characteristics. It should also be noted that in some cases the JICA maps labeled these areas as slums on the map and that is the reason we included it here. It was hard to categorize slum so this label was only used when it was clear that this was the type of land use. </edomvd></edom><edom><edomv>Open space</edomv><edomvd>Polygons were categorized as open space if they were shaded green on the original map and were not adjacent to structures with which it could be directly associated (see note under "no_structures"). Open space uses include (but are not limited to) the following: cemetery, coffee plantation, cultivated, forest, garden, national park, nature preserve, park, sisal plantation, zoo.</edomvd></edom><edom><edomv>Transportation</edomv><edomvd>Polygons were categorized as transportation only if they were clearly labeled as having purely transportation-related uses. Transportation uses include (but are not limited to) the following: airport, bus depot, bus garage, bus station, bus stop, bus terminus, car park, rail station, rail depot, railway lines, road, traffic circle. </edomvd></edom><edom><edomv>Water</edomv><edomvd>Polygons were categorized as water if they were shaded blue on the base map. Rivers are represented as long thin polygons that generally followed the riverbank as shown on the base map.  The various distinctions between certain types of water features (i.e. stream/river, pond/pool/lake) were largely subjective since the information contained in the base map was frequently vague. Water features include (but are not limited to) the following: canal, culvert (no consistently digitized), dam, irrigation canal, lake, pond, pool, river, seasonal swamp, stream, swamp, water hole, water reservoir, water tank, well. </edomvd></edom><edom><edomv>Unknown</edomv><edomvd>Polygons were categorized as unknown whenever it was impossible to determine the exact land use from the base map, GoogleEarth, and other research methods. Building count was still recorded in polygons labeled unknown.</edomvd></edom></attrdomv><attalias Sync="TRUE">LANDUSE</attalias><atprecis Sync="TRUE">0</atprecis><attscale Sync="TRUE">0</attscale></attr>
			<attr>
				<attrlabl>NAME</attrlabl>
				<attrdef>Official name (proper noun) of structure or physical feature as denoted on original map</attrdef>
				<attrtype Sync="TRUE">String</attrtype><attwidth Sync="TRUE">50</attwidth><attalias Sync="TRUE">NAME</attalias><atprecis Sync="TRUE">0</atprecis><attscale Sync="TRUE">0</attscale></attr>
			<attr>
				<attrlabl>GENERAL_DE</attrlabl>
				<attrdef>General description of speific kinds of landuse for individual structures, physical forms, or geographical areas</attrdef>
				<attrdefs>SIDL</attrdefs>
				<attrtype Sync="TRUE">String</attrtype><attwidth Sync="TRUE">50</attwidth><attalias Sync="TRUE">GENERAL_DE</attalias><atprecis Sync="TRUE">0</atprecis><attscale Sync="TRUE">0</attscale></attr>
			<attr>
				<attrlabl>ACRE</attrlabl>
				<attrdef>Acreage contained within boundaries of individual polygons</attrdef>
				<attrdefs>SIDL</attrdefs>
				<attrtype Sync="TRUE">Double</attrtype><attwidth Sync="TRUE">19</attwidth><attalias Sync="TRUE">ACRE</attalias><atprecis Sync="TRUE">0</atprecis><attscale Sync="TRUE">0</attscale></attr>
			<attr>
				<attrlabl>BUILDINGS</attrlabl>
				<attrdef>Number of buildings contained within individual polygon</attrdef>
				<attrdefs>SIDL</attrdefs>
				<attrtype Sync="TRUE">SmallInteger</attrtype><attwidth Sync="TRUE">4</attwidth><attalias Sync="TRUE">BUILDINGS</attalias><atprecis Sync="TRUE">4</atprecis><attscale Sync="TRUE">0</attscale></attr>
			<attr>
				<attrlabl>NOTES</attrlabl>
				<attrdef>Any additional or miscellaneous notes or descriptions of features contained within individual polygons; possibly obtained through internet sources or visualization software such as Google Earth</attrdef>
				<attrtype Sync="TRUE">String</attrtype><attwidth Sync="TRUE">50</attwidth><attalias Sync="TRUE">NOTES</attalias><atprecis Sync="TRUE">0</atprecis><attscale Sync="TRUE">0</attscale></attr>
			<attr>
				<attrlabl>BUILD_PER</attrlabl>
				<attrdef>Number of buildings per acre; used to estimate building density of individual polygons when the number of buildings is too great to be counted manually</attrdef>
				<attrtype Sync="TRUE">SmallInteger</attrtype><attwidth Sync="TRUE">4</attwidth><attalias Sync="TRUE">BUILD_PER</attalias><atprecis Sync="TRUE">4</atprecis><attscale Sync="TRUE">0</attscale></attr>
			<attr>
				<attrlabl>DENSITY</attrlabl>
				<attrdef>Building density for individual polygons</attrdef>
				<attrtype Sync="TRUE">Double</attrtype><attwidth Sync="TRUE">19</attwidth><attalias Sync="TRUE">DENSITY</attalias><atprecis Sync="TRUE">0</atprecis><attscale Sync="TRUE">0</attscale></attr>
			<attr><attrlabl Sync="TRUE">AREA</attrlabl><attalias Sync="TRUE">area</attalias><attrtype Sync="TRUE">SmallInteger</attrtype><attwidth Sync="TRUE">4</attwidth><atprecis Sync="TRUE">4</atprecis><attscale Sync="TRUE">0</attscale></attr><attr><attrlabl Sync="TRUE">areadou</attrlabl><attalias Sync="TRUE">areadou</attalias><attrtype Sync="TRUE">Double</attrtype><attwidth Sync="TRUE">19</attwidth><atprecis Sync="TRUE">0</atprecis><attscale Sync="TRUE">0</attscale></attr><attr><attrlabl Sync="TRUE">Shape_Leng</attrlabl><attalias Sync="TRUE">Shape_Leng</attalias><attrtype Sync="TRUE">Double</attrtype><attwidth Sync="TRUE">19</attwidth><atprecis Sync="TRUE">0</atprecis><attscale Sync="TRUE">0</attscale></attr><attr><attrlabl Sync="TRUE">Shape_Area</attrlabl><attalias Sync="TRUE">Shape_Area</attalias><attrtype Sync="TRUE">Double</attrtype><attwidth Sync="TRUE">19</attwidth><atprecis Sync="TRUE">0</atprecis><attscale Sync="TRUE">0</attscale><attrdef Sync="TRUE">Area of feature in internal units squared.</attrdef><attrdefs Sync="TRUE">Esri</attrdefs><attrdomv><udom Sync="TRUE">Positive real numbers that are automatically generated.</udom></attrdomv></attr></detailed>
	</eainfo>
	<distinfo>
		<resdesc>Downloadable Data</resdesc>
		<stdorder>
			<digform>
				<digtinfo>
					<transize>9.567</transize>
					<dssize Sync="TRUE">9.307</dssize></digtinfo>
			</digform>
		</stdorder>
	</distinfo>
	<metainfo>
		<metd Sync="TRUE">20081012</metd>
		<metc>
			<cntinfo>
				<cntorgp>
					<cntorg>REQUIRED: The organization responsible for the metadata information.</cntorg>
					<cntper>REQUIRED: The person responsible for the metadata information.</cntper>
				</cntorgp>
				<cntaddr>
					<addrtype>REQUIRED: The mailing and/or physical address for the organization or individual.</addrtype>
					<city>REQUIRED: The city of the address.</city>
					<state>REQUIRED: The state or province of the address.</state>
					<postal>REQUIRED: The ZIP or other postal code of the address.</postal>
				</cntaddr>
				<cntvoice>REQUIRED: The telephone number by which individuals can speak to the organization or individual.</cntvoice>
			</cntinfo>
		</metc>
		<metstdn Sync="TRUE">FGDC Content Standards for Digital Geospatial Metadata</metstdn>
		<metstdv Sync="TRUE">FGDC-STD-001-1998</metstdv>
		<mettc Sync="TRUE">local time</mettc>
		<metextns>
			<onlink>http://www.esri.com/metadata/esriprof80.html</onlink>
			<metprof>ESRI Metadata Profile</metprof>
		</metextns>
		<metextns>
			<onlink>http://www.esri.com/metadata/esriprof80.html</onlink>
			<metprof>ESRI Metadata Profile</metprof>
		</metextns>
		<langmeta Sync="TRUE">en</langmeta></metainfo>
	<Esri><CreaDate>20240207</CreaDate><CreaTime>15294300</CreaTime><SyncOnce>FALSE</SyncOnce><SyncDate>20180524</SyncDate><SyncTime>19032200</SyncTime><ModDate>20180524</ModDate><ModTime>19032200</ModTime><ArcGISFormat>1.0</ArcGISFormat><DataProperties><itemProps><itemLocation><linkage Sync="TRUE">file://\\CARBON-X1\E$\MAPPING\NAIROBI\Nairobi_cholera.gdb</linkage><protocol Sync="TRUE">Local Area Network</protocol></itemLocation><itemName Sync="TRUE">LANDUSE_FINAL10_12</itemName><imsContentType Sync="TRUE">002</imsContentType><nativeExtBox><westBL Sync="TRUE">240095.837500</westBL><eastBL Sync="TRUE">289385.360000</eastBL><southBL Sync="TRUE">9846235.118700</southBL><northBL Sync="TRUE">9871825.860000</northBL><exTypeCode Sync="TRUE">1</exTypeCode></nativeExtBox><itemSize Sync="TRUE">9.304</itemSize></itemProps><lineage><Process ToolSource="c:\program files (x86)\arcgis\desktop10.1\ArcToolbox\Toolboxes\Data Management Tools.tbx\Project" Date="20130205" Time="091302">Project LANDUSE_FINAL10_12 C:\Users\Nippon\Documents\ArcGIS\Default.gdb\LANDUSE_FINAL10_12_Project1 PROJCS['WGS_1984_UTM_Zone_37S',GEOGCS['GCS_WGS_1984',DATUM['D_WGS_1984',SPHEROID['WGS_1984',6378137.0,298.257223563]],PRIMEM['Greenwich',0.0],UNIT['Degree',0.0174532925199433]],PROJECTION['Transverse_Mercator'],PARAMETER['False_Easting',500000.0],PARAMETER['False_Northing',10000000.0],PARAMETER['Central_Meridian',39.0],PARAMETER['Scale_Factor',0.9996],PARAMETER['Latitude_Of_Origin',0.0],UNIT['Meter',1.0]] Arc_1960_To_WGS_1984_2 PROJCS['Arc_1960_UTM_Zone_37S',GEOGCS['GCS_Arc_1960',DATUM['D_Arc_1960',SPHEROID['Clarke_1880_RGS',6378249.145,293.465]],PRIMEM['Greenwich',0.0],UNIT['Degree',0.0174532925199433]],PROJECTION['Transverse_Mercator'],PARAMETER['False_Easting',500000.0],PARAMETER['False_Northing',10000000.0],PARAMETER['Central_Meridian',39.0],PARAMETER['Scale_Factor',0.9996],PARAMETER['Latitude_Of_Origin',0.0],UNIT['Meter',1.0]]</Process></lineage><coordRef><type Sync="TRUE">Projected</type><geogcsn Sync="TRUE">GCS_WGS_1984</geogcsn><csUnits Sync="TRUE">Linear Unit: Meter (1.000000)</csUnits><projcsn Sync="TRUE">WGS_1984_UTM_Zone_37S</projcsn><peXml Sync="TRUE">&lt;ProjectedCoordinateSystem xsi:type='typens:ProjectedCoordinateSystem' xmlns:xsi='http://www.w3.org/2001/XMLSchema-instance' xmlns:xs='http://www.w3.org/2001/XMLSchema' xmlns:typens='http://www.esri.com/schemas/ArcGIS/10.1'&gt;&lt;WKT&gt;PROJCS[&amp;quot;WGS_1984_UTM_Zone_37S&amp;quot;,GEOGCS[&amp;quot;GCS_WGS_1984&amp;quot;,DATUM[&amp;quot;D_WGS_1984&amp;quot;,SPHEROID[&amp;quot;WGS_1984&amp;quot;,6378137.0,298.257223563]],PRIMEM[&amp;quot;Greenwich&amp;quot;,0.0],UNIT[&amp;quot;Degree&amp;quot;,0.0174532925199433]],PROJECTION[&amp;quot;Transverse_Mercator&amp;quot;],PARAMETER[&amp;quot;False_Easting&amp;quot;,500000.0],PARAMETER[&amp;quot;False_Northing&amp;quot;,10000000.0],PARAMETER[&amp;quot;Central_Meridian&amp;quot;,39.0],PARAMETER[&amp;quot;Scale_Factor&amp;quot;,0.9996],PARAMETER[&amp;quot;Latitude_Of_Origin&amp;quot;,0.0],UNIT[&amp;quot;Meter&amp;quot;,1.0],AUTHORITY[&amp;quot;EPSG&amp;quot;,32737]]&lt;/WKT&gt;&lt;XOrigin&gt;-5120900&lt;/XOrigin&gt;&lt;YOrigin&gt;1900&lt;/YOrigin&gt;&lt;XYScale&gt;450445547.3910538&lt;/XYScale&gt;&lt;ZOrigin&gt;-100000&lt;/ZOrigin&gt;&lt;ZScale&gt;10000&lt;/ZScale&gt;&lt;MOrigin&gt;-100000&lt;/MOrigin&gt;&lt;MScale&gt;10000&lt;/MScale&gt;&lt;XYTolerance&gt;0.001&lt;/XYTolerance&gt;&lt;ZTolerance&gt;0.001&lt;/ZTolerance&gt;&lt;MTolerance&gt;0.001&lt;/MTolerance&gt;&lt;HighPrecision&gt;true&lt;/HighPrecision&gt;&lt;WKID&gt;32737&lt;/WKID&gt;&lt;LatestWKID&gt;32737&lt;/LatestWKID&gt;&lt;/ProjectedCoordinateSystem&gt;</peXml></coordRef><copyHistory><copy source="S:\COUNTRY\KEN\Nairobi\LANDUSE_FINAL10_12" dest="\\Gost-cifs\GOST\AFRICA\KEN\LCVR\Nairobi\LANDUSE_FINAL10_12" date="20161215" time="12490800"></copy></copyHistory></DataProperties></Esri><dataIdInfo><envirDesc Sync="TRUE"> Version 6.2 (Build 9200) ; Esri ArcGIS 10.2.2.3552</envirDesc><dataLang><languageCode Sync="TRUE" value="eng"></languageCode><countryCode value="USA" Sync="TRUE"></countryCode></dataLang><idCitation><resTitle Sync="TRUE">LANDUSE_FINAL10_12</resTitle><presForm><PresFormCd Sync="TRUE" value="005"></PresFormCd></presForm></idCitation><spatRpType><SpatRepTypCd Sync="TRUE" value="001"></SpatRepTypCd></spatRpType><dataExt><geoEle><GeoBndBox esriExtentType="native"><westBL Sync="TRUE">239998.8</westBL><eastBL Sync="TRUE">289288.3</eastBL><northBL Sync="TRUE">9872125.1</northBL><southBL Sync="TRUE">9846534.4</southBL><exTypeCode Sync="TRUE">1</exTypeCode></GeoBndBox></geoEle></dataExt><geoBox esriExtentType="decdegrees"><westBL Sync="TRUE">-6</westBL><eastBL Sync="TRUE">84</eastBL><northBL Sync="TRUE">90</northBL><southBL Sync="TRUE">-90</southBL><exTypeCode Sync="TRUE">1</exTypeCode></geoBox><dataExt><geoEle><GeoBndBox esriExtentType="search"><exTypeCode Sync="TRUE">1</exTypeCode><westBL Sync="TRUE">36.664275</westBL><eastBL Sync="TRUE">37.107221</eastBL><northBL Sync="TRUE">-1.158661</northBL><southBL Sync="TRUE">-1.390392</southBL></GeoBndBox></geoEle></dataExt></dataIdInfo><mdLang><languageCode Sync="TRUE" value="eng"></languageCode><countryCode value="USA" Sync="TRUE"></countryCode></mdLang><mdStanName Sync="TRUE">ISO 19115 Geographic Information - Metadata</mdStanName><mdStanVer Sync="TRUE">DIS_ESRI1.0</mdStanVer><mdChar><CharSetCd Sync="TRUE" value="004"></CharSetCd></mdChar><mdHrLv><ScopeCd Sync="TRUE" value="005"></ScopeCd></mdHrLv><mdHrLvName Sync="TRUE">dataset</mdHrLvName><distInfo><distributor><distorTran><onLineSrc><orDesc Sync="TRUE">002</orDesc><linkage Sync="TRUE">file://</linkage><protocol Sync="TRUE">Local Area Network</protocol></onLineSrc><transSize Sync="TRUE">9.307</transSize></distorTran><distorFormat><formatName Sync="TRUE">Shapefile</formatName></distorFormat></distributor><distFormat><formatName Sync="TRUE">Shapefile</formatName></distFormat><distTranOps><transSize Sync="TRUE">9.304</transSize></distTranOps></distInfo><refSysInfo><RefSystem><refSysID><identCode Sync="TRUE" code="32737">Nairobi_Maps</identCode><idCodeSpace Sync="TRUE">EPSG</idCodeSpace><idVersion Sync="TRUE">8.2.6</idVersion></refSysID></RefSystem></refSysInfo><spatRepInfo><VectSpatRep><geometObjs Name="LANDUSE_FINAL10_12"><geoObjTyp><GeoObjTypCd value="002" Sync="TRUE"></GeoObjTypCd></geoObjTyp><geoObjCnt Sync="TRUE">29143</geoObjCnt></geometObjs><topLvl><TopoLevCd value="001" Sync="TRUE"></TopoLevCd></topLvl></VectSpatRep></spatRepInfo><mdDateSt Sync="TRUE">20180524</mdDateSt></metadata>
