<PAMDataset>
  <Metadata domain="Esri">
    <MDI key="PyramidResamplingType">NEAREST</MDI>
  </Metadata>
  <PAMRasterBand band="1">
    <Histograms>
      <HistItem>
        <HistMin>92.90776062011719</HistMin>
        <HistMax>92.908203125</HistMax>
        <BucketCount>256</BucketCount>
        <IncludeOutOfRange>1</IncludeOutOfRange>
        <Approximate>0</Approximate>
        <HistCounts>66|0|0|0|264|0|0|0|488|0|0|0|0|717|0|0|0|984|0|0|0|1067|0|0|0|0|1011|0|0|0|904|0|0|0|0|1021|0|0|0|1334|0|0|0|1532|0|0|0|0|1701|0|0|0|1999|0|0|0|0|2260|0|0|0|2249|0|0|0|2100|0|0|0|0|1990|0|0|0|2063|0|0|0|0|1056|0|0|0|581|0|0|0|553|0|0|0|0|518|0|0|0|501|0|0|0|0|502|0|0|0|615|0|0|0|773|0|0|0|0|761|0|0|0|772|0|0|0|0|771|0|0|0|767|0|0|0|752|0|0|0|0|733|0|0|0|704|0|0|0|0|700|0|0|0|791|0|0|0|955|0|0|0|0|1255|0|0|0|2079|0|0|0|0|1878|0|0|0|3681|0|0|0|3801|0|0|0|0|1322|0|0|0|654|0|0|0|0|626|0|0|0|554|0|0|0|469|0|0|0|0|438|0|0|0|443|0|0|0|0|415|0|0|0|333|0|0|0|304|0|0|0|0|323|0|0|0|527|0|0|0|0|497|0|0|0|365|0|0|0|254|0|0|0|0|155|0|0|0|70|0|0|0|0|6</HistCounts>
      </HistItem>
    </Histograms>
    <Metadata>
      <MDI key="RepresentationType">ATHEMATIC</MDI>
      <MDI key="STATISTICS_COVARIANCES">1.193284009628245e-008</MDI>
      <MDI key="STATISTICS_MAXIMUM">92.908203125</MDI>
      <MDI key="STATISTICS_MEAN">92.907955933901</MDI>
      <MDI key="STATISTICS_MINIMUM">92.907760620117</MDI>
      <MDI key="STATISTICS_SKIPFACTORX">1</MDI>
      <MDI key="STATISTICS_SKIPFACTORY">1</MDI>
      <MDI key="STATISTICS_STDDEV">0.00010923753977586</MDI>
    </Metadata>
  </PAMRasterBand>
</PAMDataset>
